zip_2,term,int_rate,grade,sub_grade,emp_length,home_ownership,annual_inc,verification_status,loan_status,purpose,dti,pub_rec,revol_bal,revol_util,mort_acc,pub_rec_bankruptcies,credit_history,credit_line_ratio,balance_annual_income,fico_avg_score,installment_amnt_ratio
00,0.40451991747794525,5.032591416321849,1.4206272622267315,6.8741941676494305,3.0925129528647677,0.6030226891555273,0.46120238052084034,0.7507571935295483,0.40451991747794525,2.3817487845545915,12.40834272136731,0.40451991747794525,5844.465412989999,20.831566955420847,1.2649110640673518,0.30151134457776363,2486.885174817541,0.15697549433790015,0.10646396731323196,22.472205054244224,0.0038641298047879455
01,0.4437493529823401,4.650107522366959,1.3143240317483664,6.556430361773436,3.5994636648624097,0.6229592344134662,0.4980401633178724,0.8425896961745492,0.3999169955785005,2.135490741262462,7.861924589838434,0.33142517941485816,24419.824655996774,24.148593527749973,2.06502559643305,0.2923040656976805,2643.7347844460146,0.1685555242915251,0.10374858792575486,32.97192315624282,0.004285694532000548
02,0.4296283128010461,4.619841221731093,1.3094018288412046,6.527430569563702,3.637512986280453,0.6383219709317223,0.4978723561193874,0.845678535833259,0.38512646103851494,2.1828710984132775,7.9309078709591105,0.3275435614465139,28212.63502697478,24.313658012325032,1.957754771039993,0.28271989118380353,2633.7423141514023,0.17547931505006714,0.10470609723598194,31.79714712816918,0.004173702124480291
03,0.4284408890768492,4.59404765303642,1.2980506409174237,6.451225042307427,3.615337260311539,0.6170284418383588,0.5203328577826222,0.8404390396325367,0.35446665721137055,2.124847189685183,7.886471331239861,0.35766583387255013,23615.496695959773,24.345289777105897,2.1067971263977405,0.3193745755061127,2506.4598466004827,0.16876446813223614,0.10856372933404007,32.42782648809822,0.004208464431242559
04,0.41572716983364233,4.668134721069656,1.236913451943219,6.12463854991536,3.7015035569724835,0.6529597429280481,0.4914469971969312,0.8476149803468422,0.3595866543486779,2.0525667065318527,8.122122800367759,0.40583455581746825,15945.872599477938,24.349541505330137,1.94954332057547,0.3353162841591901,2644.731895438943,0.16948973856703867,0.11572725282087505,30.412405158563043,0.004070252758008431
05,0.42030082537805563,4.566641860071227,1.2830178484866757,6.38979743614632,3.5874162082766703,0.6272256275370389,0.4593909786943822,0.8709743149473151,0.3541790228705564,2.2048116498307415,8.249786917748722,0.3153198396457147,15409.263263364002,24.198827709529372,2.2300736527406553,0.2829533270802257,2552.8849112816984,0.16340290521389603,0.1116244479624079,31.105696259394485,0.0042435121371452575
06,0.42943886689595917,4.602911860943016,1.299919025259001,6.469123774799252,3.5866232104598468,0.6451792136329924,0.5479333249115182,0.8368368427483396,0.38320437798439533,2.314393622728266,7.997584535429166,0.3666359243815375,43703.67124356102,24.12452293912418,2.0174307604991073,0.3044132198321356,2771.7822991149255,0.1759998226410201,0.11004957234448252,31.64111036826278,0.004221427578796762
07,0.4277359905746798,4.594434089167641,1.3018119191229092,6.47827534846876,3.6121848269082086,0.6652317502173409,0.5552018704039955,0.8218461100335942,0.4041482179869505,2.471119936718095,8.129271085046216,0.3662941807900757,28040.707579937094,24.012190997208606,1.8601372242729568,0.2977024501402856,2776.1672622374176,0.1791168548970406,0.10893308597588396,31.150792093292942,0.004252470255782326
08,0.4408940125146747,4.60539224899918,1.3109771813206872,6.5079245647476,3.5872531117680064,0.6570118772347896,0.520176172275307,0.8253918106484692,0.41710258421509133,2.3551684901899894,8.02972353199222,0.3709016477165603,24874.88586430685,24.249079395820846,2.054205371927981,0.3139625968690362,2781.104133918322,0.17444132303812204,0.10890785515502731,31.242260564650593,0.004349846366604639
09,0.37836667818578207,5.015057123552828,1.403750679613716,7.0905804329639235,2.6957135264844845,0.6855236465233494,0.43095943090954214,0.7944318920599999,0.40045019710366025,2.718667833913292,7.98903247389569,0.1336196761492029,13107.982426722385,27.178513186588763,1.5278468949198196,0.1336196761492029,2165.5865570975766,0.15231635536651372,0.11697825238376414,34.95264141216141,0.0035880940883424276
10,0.40964907307156934,4.60591555405546,1.3114863382488522,6.492394030628769,3.628052528942953,0.6285969628222582,0.584972496751269,0.8173653391524208,0.4121240548466145,2.6195999327846433,8.116298878946047,0.34066973126977845,27625.974620230907,24.449171232544938,1.373504312077619,0.24630268421614201,2715.8658605490687,0.1860509682611043,0.10918116649312866,30.84350693851307,0.004068079049765234
11,0.4137978321157943,4.601322563414748,1.3053084518127804,6.466995611503083,3.597962452053908,0.6739366017769234,0.5282511492496159,0.8272007788161213,0.4159435754432797,2.635217302540551,8.155828866295392,0.3512625171940423,26818.32479897428,24.040219800140942,1.4697673286476738,0.2642289339324799,2667.407179676862,0.1862154257689877,0.10931543881609126,30.846593609783465,0.004138604331245075
12,0.44804839986473444,4.606427504646788,1.3010749712827967,6.482307646579355,3.5615573860828835,0.6655997465760319,0.4925446437136926,0.8391650952439438,0.41943157236860146,2.1924790453023255,8.196874295572607,0.3827855060962103,20066.196652298244,23.892539777459778,1.8941942277514463,0.32412770687113557,2544.668035400165,0.16658263364388615,0.1108517616163422,31.794808203692345,0.004360476907185654
13,0.44279859094191154,4.548229355490128,1.2890612965873907,6.424613992903083,3.4982650127869497,0.6556338656452051,0.4831747711530825,0.8438400353218988,0.4140687994807988,2.2754377537702704,8.05069688502314,0.385436241285224,14719.214046346002,23.96410190869187,1.7991264131624174,0.3364170019539431,2492.201005215808,0.16848101915259225,0.11371814605800237,31.434808267806716,0.004363688229983566
14,0.43597034107535654,4.55950291538506,1.299303212099788,6.447457635203038,3.567530660726653,0.6558935783983237,0.4835583109125739,0.8454935290872871,0.4117892149855295,2.2591453292465635,8.123986007734379,0.37861114973501936,17157.336325877994,23.922734528077637,1.704105206651705,0.3133674037634322,2530.5100861964793,0.16863012265241653,0.11295822730161463,31.994396459334297,0.004302215764074819
15,0.4480951204603517,4.545682067341093,1.2903840821728216,6.415359914671706,3.6142207648547817,0.653297102791431,0.5024679258130627,0.8459524284957383,0.41013567628341135,2.304979750919471,8.203561532646054,0.3551668987883358,18268.28210391182,23.934528961123103,1.696672861577782,0.32043493038327364,2650.2890706589696,0.17265199497030356,0.11374784644993383,31.071667451213273,0.00438598020639565
16,0.4527596289469559,4.4428485090024,1.2646728764808157,6.265244703474895,3.5686995834167967,0.6439128491423926,0.515253375938728,0.855479469913232,0.4038866127564216,2.2758627980848827,8.215470793517786,0.384876303412822,17449.933442401223,23.75165405219578,1.7642896234504104,0.340672468287178,2588.434374631813,0.1692480002572028,0.11357432870351807,30.837563784877666,0.004452797141339146
17,0.4553231053538018,4.564184591923524,1.299103170280105,6.427998320647699,3.5999456745716776,0.6179692366767404,0.47897096829022573,0.838200543945674,0.40688801638228667,2.206587290755281,8.187595066377646,0.35053717579197546,21892.2698530467,23.914998714926913,2.0388482844513183,0.3217299462451989,2487.701176023395,0.1688232884626323,0.11421183109520894,30.946654883339658,0.004457795129473091
18,0.45070372552302873,4.556049324922355,1.2985672716268946,6.448324797588317,3.5620961518721983,0.6396727263302747,0.5172021823491793,0.8395084371176356,0.4153081375805077,2.3102745090389196,8.205808341474897,0.34982605143393236,23390.76722021546,23.90463288311922,2.0342278438996044,0.3079569784685024,2709.760115405768,0.17004781358197799,0.11283986715850125,31.512058536364844,0.004416015961015716
19,0.44421926525614264,4.626366307654527,1.3172019346647366,6.549537983797896,3.6036850779633034,0.6424825368421493,0.512786512146812,0.8278923240628024,0.4028099251939037,2.364795043538593,8.112498342614748,0.3245125988484566,29796.813095825964,24.329924052213823,2.0078186383906282,0.2607547789462646,2677.175438154474,0.1765764052180898,0.1109458734697859,31.362717173200306,0.004339923418276505
20,0.4399654846551098,4.68782510840107,1.3299392847388911,6.635403868782478,3.629468352408744,0.6267040289608591,0.4941194820433858,0.8107050391429916,0.3910155635421145,2.4849386572957797,8.016262254236228,0.34217422285749566,27595.31330813102,24.78290550254561,2.277869388848157,0.27531433692860613,2600.8095350727726,0.1770253887927816,0.10492781215509653,30.920342740740498,0.0042854144849212615
21,0.448421874204546,4.692400791749945,1.324782124246012,6.589900551145616,3.6114569819497233,0.6222776296944709,0.4880287260538492,0.8208958260964673,0.41269044523955806,2.3340782000087104,8.083250419952352,0.37976737028875707,24838.74126241176,24.326574805458506,2.221472889872683,0.31705442884360197,2613.238041869612,0.16984693813788526,0.10817175131800305,31.374589041917567,0.004361721784775034
22,0.43729624054148786,4.687533906605418,1.3311916155033174,6.640714145065816,3.6183298483519257,0.6234479183260457,0.5130616998353434,0.8175409669445652,0.3891911280695775,2.3362968846167136,8.131231651751374,0.33869545468029477,25727.31755219691,24.879317742584366,2.176512688443883,0.28560982325181555,2558.8806368155965,0.1702062336271217,0.10671998382717371,31.942076763214175,0.004271923609677978
23,0.4573501375500342,4.732365342173271,1.3430478721930863,6.7042960420947235,3.584766032142906,0.6052396783742899,0.4835287470511876,0.8162128761954838,0.4228789004630225,2.2857636324694814,8.390830778399831,0.35984236096102934,21791.431813876803,24.282791496814816,2.2317981086349774,0.30188983162631217,2478.9093062996276,0.16738231091061548,0.11196282129387806,30.51692533362049,0.004418174528198966
24,0.44937125159613367,4.643705054226289,1.3103585327115226,6.492014663244078,3.5139157769931546,0.6201782366915093,0.4803083961161638,0.8420668038630174,0.4103988620936396,2.195176017846615,8.37361720834534,0.3814807538507526,17286.776056144714,24.292214782680503,2.024164238173717,0.3304867615044149,2565.4727596133052,0.16358646677786867,0.11488591439281434,31.931797392427484,0.004409809687890333
25,0.4670063576868118,4.5088717370955225,1.3055821639450187,6.501739087778823,3.469807367388223,0.5860566592964537,0.4857573082459552,0.8357529177639152,0.3643824171728664,2.0188035180980393,8.006600729535704,0.40475673086230407,14332.961842132729,23.818566022626676,2.0430224872426686,0.31542602726491,2588.031061372173,0.16040336420814363,0.11180925766758303,32.6750971796881,0.004496014530401268
26,0.460713451669027,4.541564486589307,1.331602341958765,6.590634221369006,3.5549752487312625,0.6454326770799831,0.5093164771718128,0.8380343772584464,0.3646899091091333,2.198046087269345,8.475300420380904,0.39266023073980066,14863.824161660103,23.555190844204034,1.8010382709195742,0.3199193601350469,2579.295379788529,0.1697451701297268,0.1144993590014655,32.054110937541914,0.00440010415120274
27,0.4457135468168738,4.65011494601642,1.314434085595028,6.54247876504384,3.626448977509196,0.5986342048441455,0.505862450141925,0.8350153407939277,0.4062405362727444,2.2643384574344667,8.401448307863522,0.3337888035022186,21031.82651775053,24.247331920514288,1.9846712159628679,0.2833309618029296,2597.1037875213624,0.1736072485507487,0.11415947502853899,31.38584025929009,0.004377613013732272
28,0.45129845243031885,4.713239072869917,1.327226004785472,6.597304336578202,3.6167351815836586,0.618778486452892,0.5261807218416782,0.832404688843405,0.40619383120794467,2.2398403085627736,8.344780769261035,0.33703982860730547,23351.76954171891,23.973958187761923,2.0407887977534287,0.28427848788794396,2547.402036969233,0.17347991639559499,0.11487459894742656,30.679558976019283,0.004402004641077248
29,0.44459483249259046,4.665237550409041,1.3195413908212856,6.563782137378968,3.587223466136405,0.5968385048902536,0.49770656049161216,0.8316393182075114,0.3750555500570237,2.210508834178903,8.40442936253013,0.35802281233703503,19418.928758505517,24.07053078698716,2.0233293940041803,0.2373447150480615,2582.3342959736406,0.16950991930468623,0.11433250739171275,30.79774851491911,0.004374233787447895
30,0.43278286629949725,4.6696397526729685,1.3225724880379015,6.588791548909104,3.643111287735129,0.6047381545021362,0.5181612828211976,0.8259982987930841,0.38687144521240874,2.347679310416575,8.345237604427567,0.4120724975771252,24136.7671350676,24.04947867221077,2.0739047943783078,0.3288173090055534,2585.6297968793547,0.17307907660586994,0.11030631467473846,30.993908032640427,0.004250455691842346
31,0.44558931163660853,4.664101679361303,1.327344816095626,6.616219482508179,3.5055272423255133,0.6229183213744706,0.47655378120278247,0.8217785744939407,0.4042689255548179,2.2583059118867976,8.453403767011878,0.3891113326047673,21690.86845397866,23.985418455320065,1.9811473369714165,0.29008595435276063,2525.5258752966,0.1686328424908401,0.11455088320743989,29.98441327650539,0.004354423863795334
32,0.42667112637380944,4.552452614725234,1.2866474341368086,6.401878923035171,3.5968881794093153,0.6357944143760781,0.5185150936294293,0.8374768245607559,0.4020229947356591,2.333130999123012,8.386358387461103,0.3652287210010562,18474.48112128066,23.929478729628297,1.9846397224637162,0.3363627661073612,2615.58144053408,0.17589666918860838,0.11139213635513535,30.530407206911025,0.00424134485848523
33,0.41586965647618734,4.541533181885277,1.2848081017856041,6.373921008004608,3.5481890568714376,0.6712497442386111,0.5304219817294717,0.8363549440643407,0.41462635967169026,2.428274835152583,8.238775170354703,0.3460235478157497,28192.98490561464,23.434678180178025,1.8211095672402449,0.3160259660254902,2667.469233066081,0.18625023190951268,0.10912954055177292,29.613150949535722,0.004164332477592445
34,0.42281257946790657,4.546905005759469,1.2878219344959039,6.400995967190318,3.580172631889176,0.6444476392823336,0.529717125359927,0.8389384110202843,0.411342940675712,2.316965971947529,8.47812932763114,0.39053989409374523,18988.28405223329,23.43122026807844,1.9375913292233395,0.35979833204516437,2650.3408141288537,0.17786404755820917,0.11092080793698221,30.188940955826503,0.004245991348969892
35,0.4565485371355873,4.62964865259429,1.317115497408228,6.53220354765782,3.5621614773435972,0.5805045325320544,0.4843950171528179,0.8298028286435494,0.42076021212706066,2.225767475230399,8.374376228371549,0.38156165514159607,18868.191470402504,23.955289814231552,2.083450067392154,0.34012810910381636,2599.224050565,0.1674001598205974,0.1134521458426946,30.269188259988628,0.004472350918976757
36,0.4495537418475275,4.620826322236192,1.3213540538263349,6.5250348897071255,3.4901248216339558,0.6161030991923939,0.48456368284186174,0.8288506352148531,0.4292659082256308,2.3324801858416704,8.482827352877928,0.37068351524379906,14215.571529012903,23.888977025148854,1.9446728877890085,0.3046114053277931,2586.3559789806195,0.1679818504750924,0.11471634532345429,30.267769422880342,0.004404699249902267
37,0.4481558674613896,4.675302011938614,1.3139605673591395,6.5301970264874925,3.630423083278154,0.5958812800076388,0.503352686838643,0.8324182305000991,0.41087774528362014,2.0867163491465233,8.325153491925422,0.3857182160588908,18265.924643625716,23.546858970054966,2.040972832653221,0.3491439733284234,2539.6699565038557,0.17132223399426352,0.11305235593773301,29.79144154662394,0.004372599703655132
38,0.4364041595731303,4.655378279367396,1.3027399876162136,6.464250285180416,3.543926021347416,0.6124493271356836,0.5075219566765616,0.8389516139475629,0.42345516819663825,2.219284856789804,8.456904158752662,0.392537402399497,16696.522389088594,23.94935371838963,1.86600782390427,0.3364974360325472,2576.2515344553676,0.1669351227540002,0.11378945555212781,29.425968920375475,0.004241973573055649
39,0.4382896248386602,4.665293211639903,1.3200665129084423,6.546925116752389,3.5417776451021568,0.6398290231490168,0.5026075659009062,0.8316110081554466,0.43936303057994863,2.2469663840342022,8.524307412387127,0.3812875429424765,14009.838565384141,23.91059164881645,1.8287308186173954,0.2991419968504046,2607.5162804182496,0.1676056734617145,0.11349712147809023,28.795724107602936,0.004271399596490835
40,0.4493835725521702,4.574713085873785,1.3001490761247125,6.46365300252337,3.582056823939527,0.5926529865529075,0.5075132762126106,0.8400485793011031,0.3991517279133474,2.1333967468488533,8.22980198725468,0.3697661829998481,18514.75374595516,23.833529741554027,2.0630523790617854,0.3428100030111151,2476.131243806473,0.1681963085209339,0.11287580926936612,30.785036853101225,0.00437323035536942
41,0.4594804094272756,4.619228793160514,1.319665991329287,6.581000100710479,3.6279093544295637,0.5928787644316286,0.4750774719243062,0.8250097114164008,0.4216152330178442,2.097744969879756,8.207814005869349,0.3813401403865488,16829.932142001875,23.36353490336279,1.9338503609657696,0.3518586119127004,2564.8427609800347,0.1637711248401742,0.11376357617656062,30.55050141525175,0.004436043395266806
42,0.44636840472480294,4.499499076626724,1.2586477652084618,6.2819397513052895,3.6050053091131677,0.5978594543557787,0.4825400418593303,0.8506682238321965,0.4176973600963271,2.2707010596452744,8.317684167155498,0.39596860267192485,15928.07928190795,24.10248081893945,2.0666493804440527,0.35419302330059865,2428.600871594656,0.16720565694776804,0.11476821819159046,29.699179237912183,0.004368795397647864
43,0.44635545216150674,4.596527855934262,1.304437739444599,6.473811364816561,3.62056084380371,0.60578367927627,0.48414906508584016,0.8406288565264437,0.39911643913883516,2.220311557356087,8.15094491874102,0.41328353692425485,18048.12293737987,23.727224049980755,1.8177061122272427,0.3520490635607123,2538.9547785050613,0.16649393419688654,0.11125173472925978,30.672790629265318,0.0043694233282048365
44,0.4393884899763185,4.564920217218692,1.2916966251362756,6.418827050880372,3.603884657141553,0.6095161388583701,0.4928075413756781,0.8438176302881512,0.41164259732269914,2.165350467022281,8.088743235631027,0.43294258796273877,17723.22664137782,23.22960256607411,1.76895103153518,0.3845845922038355,2686.536610419111,0.16675520092488266,0.11216824208269299,31.05295862030445,0.004334755480228287
45,0.4471898168018614,4.560892984487179,1.292341127943302,6.430419542691566,3.6247533284634446,0.5822003801487545,0.49131013895623943,0.8394325750102067,0.4059264403019895,2.161542717617195,8.092607881310913,0.40621037743507576,16277.959802864389,23.844048923514563,1.973594566990474,0.35123604871474523,2535.3927152088063,0.16925321081950886,0.11341873968034892,30.762637604174827,0.004354432180434438
46,0.4487009414791554,4.621224158388705,1.298631925000347,6.463869324161802,3.6007039101400187,0.5610974449916303,0.4934443360923279,0.8339670727471944,0.41412971329825854,2.0299725777233886,8.132586360123984,0.4610883893643701,17147.36906478532,23.223640301430986,1.9916530665419974,0.39164016577877436,2523.059825863941,0.16513417875614286,0.11081403792530427,29.450474179463672,0.004332267282981311
47,0.45676524572172855,4.580088800866732,1.2788628360309258,6.34933474271195,3.617787873704781,0.5511456692204647,0.46912022641818135,0.8349914107028578,0.40442758766593145,2.0686071843021407,8.177599871604407,0.4407028525706514,14320.160880648773,23.187650481593653,2.009842410738379,0.36816787505998455,2486.1522818460303,0.1676649118357471,0.11226686571441008,29.657583170556972,0.004415605840482268
48,0.43281364192256716,4.544841501020037,1.2876952439895257,6.399224574632079,3.627372081262534,0.6320027855479626,0.5083197415658824,0.8343099207358705,0.40455104726329727,2.2627719210506028,8.1413374218845,0.43422443569060104,17784.89987574434,23.639436531870324,1.9534613695383956,0.38323522240389296,2665.962280047889,0.17143527993947422,0.10973400446754801,30.16241222210763,0.004251154801606903
49,0.44009393041053474,4.5554864293045165,1.2959705489114963,6.425082592394576,3.611778630637629,0.5786434035921351,0.5041659544655961,0.8482545360674463,0.38682403548425043,2.16001808259767,8.151934091933278,0.40615719021383595,16014.027880525371,24.23780705469331,1.9622176137264182,0.3503163803855825,2466.4814179068812,0.1632886828811772,0.11264552111256951,30.57927095345827,0.004327828405218402
50,0.3806934938134404,4.905157593237219,1.295896533712069,6.517395896779811,3.6561938711163013,0.5882299658752717,0.498475339615785,0.816496580927726,0.4643056214875365,2.165272684236664,9.777804936899589,0.4643056214875365,7620.283373235263,26.394234864037468,1.7440374613713623,0.4148511169990534,2995.765395109609,0.1351955139909175,0.13757019368053636,39.06284420138207,0.004273775898033286
51,0.4879500364742666,5.830314048553637,1.5735915849388864,8.788520651286838,2.911389784311004,1.2535663410560174,0.6437631074300328,0.9511897312113419,0.48795003647426666,2.5727509827124,7.752564552640444,0.0,16622.357518600977,31.28449334429957,0.5345224838248488,0.0,1522.9278193194652,0.08584900011635661,0.09348573174371601,40.2817458362848,0.0056282966267418725
52,0.32338083338177726,3.6152341068122857,1.5801050680710411,8.403236226893023,3.0557189498796506,0.5745131499601416,0.407059632477941,0.8574929257125442,0.42779263194649864,2.173067468400883,9.344157186681512,0.3834824944236852,13437.935254297545,30.02742319598619,2.27231131071657,0.23570226039551584,2560.0163200307,0.19914002543800657,0.12858874065086962,43.95853661322759,0.003013598576080975
53,0.4276984052182938,4.552401647601139,1.289457180345682,6.4191873270569255,3.6305398626152736,0.6070573557084918,0.48406431241612574,0.8505855150950519,0.38055640786678435,2.1066138152796334,8.0264674661654,0.3889175425227715,19564.374954698236,24.102839598564035,2.2821028853598744,0.349699182269197,2573.200166818797,0.15763232083446818,0.1116802466819677,31.907797884101818,0.004151157894811228
54,0.4386007728541151,4.53140850516883,1.2771029857962626,6.341715357250838,3.606312925655013,0.5916234558275645,0.49006153684072523,0.8509197227472056,0.3831100674726864,2.087520757852178,8.078478674194223,0.40155283803659664,14101.781260497173,23.53514757901308,2.3386768482521947,0.3589171028081932,2420.311692175057,0.1607018509143222,0.11417932881326315,31.353381140547086,0.004308334409626001
55,0.4376448233223067,4.59052743004589,1.2929079694110772,6.446119570353916,3.6517948287093036,0.6090583671922385,0.4933893067870927,0.8396755112290427,0.3990507758595729,2.1745165777973123,8.095104979226479,0.3888693050218514,23577.297687475948,24.244024990546702,2.0142024531517997,0.3510671849072256,2534.3440759006317,0.16984553670494287,0.10979541479348007,30.601116601596484,0.004286263669247758
56,0.43026871167609076,4.533149279241583,1.2840246285733077,6.379714862014692,3.601036774028659,0.5954272445344885,0.4643749027150797,0.8548846210435953,0.41245298169800554,2.1774160134619036,8.464696640188386,0.3833101281576063,12287.350490898598,23.968027684079118,1.9158684786305236,0.3420434110419637,2511.51220568753,0.17143311408135475,0.11372026369669358,30.4785462281679,0.004234175447688025
57,0.4262518051123111,4.4820405176649025,1.2738691909309539,6.3119355248376845,3.5798044901601944,0.6250956385968914,0.47471648035912456,0.8474443202062423,0.4124699407593113,2.1305129370736333,8.26672862963503,0.3939309651296295,15968.255386960864,23.18136703191518,2.06504625267659,0.3182141900891901,2353.862293441426,0.16674002365847448,0.11263846525468675,28.635079622850093,0.004142755889226922
58,0.40733100161833896,4.597493506813873,1.2339298355525825,6.084312714675707,3.5459187997528216,0.6693681918018848,0.5229831927808831,0.802662631077215,0.4176948168977754,2.2150561403769764,8.605316356599161,0.3876565233182265,18633.757686270616,23.552211082953697,1.7096668839550373,0.3042391933227171,2470.5702818626273,0.1808559223819121,0.11274348600093312,28.18856092780726,0.004161622130214775
59,0.4300659998544741,4.457391428880183,1.2565305829691424,6.23420765394231,3.5590692891075966,0.6309481317079482,0.4846806637864003,0.839254984091215,0.37743397728314004,2.2290725950031276,8.442406209076989,0.3545352647811963,17188.002002817564,24.292634001291187,2.0063792658870754,0.29619629451345203,2441.5266212517668,0.16465383870086603,0.11426459913973395,31.032793769797543,0.0041771783738905445
60,0.4162282383663253,4.553127514120089,1.292218054700688,6.419666673449545,3.629618379046135,0.6396569052152437,0.5147685317279334,0.8321785779526878,0.3873126248090669,2.3167397594684567,8.072337306143059,0.3676582224330793,25079.358388346438,24.075738008379705,2.159534836095671,0.3404929844579027,2670.5126903075247,0.17056831962356137,0.1085859927565671,30.975920912054733,0.004091201289917382
61,0.432855460010408,4.598479880960533,1.2917079073697213,6.41202624227654,3.5329057370266077,0.5781308872621056,0.49112536375211463,0.8388565619632747,0.39038068459755587,2.1907816031347136,8.198204557214218,0.385554611800394,16324.284523730274,23.946121357547014,2.191309661488431,0.3576392287730142,2553.2922031744856,0.16370785868188112,0.1119199328243523,31.530412528860943,0.004212135648801284
62,0.43813813815472114,4.555481821145797,1.3013763209316274,6.431417263914422,3.5476756754968797,0.5803220146401301,0.49428868653000235,0.8374851862257804,0.38937917886587703,2.0073995638048387,8.035471690561463,0.368331085786934,14849.415222646097,23.762876392736953,2.138113674539661,0.33699500587239556,2414.191118166154,0.1611447172201085,0.11474873436051039,30.558160993446144,0.004301344034902347
63,0.43933503859614,4.560249590896307,1.297613205651964,6.4457569405697095,3.6285214575867895,0.5956939570451887,0.5147572166754759,0.83615759040324,0.4155782788382872,2.1537223599990227,8.116685824498253,0.38272501396036085,20003.6182922958,24.119891678964958,2.3207869646407366,0.34278990364273004,2547.355014376161,0.16947872459991897,0.11221833821334488,31.411524942944073,0.004298090914447153
64,0.444367463742357,4.60847001397914,1.3061546421153851,6.510907843620546,3.6056018585783063,0.5762970689796776,0.4853554512452086,0.838167183987128,0.4032407870048665,2.16000453930218,8.128813308803375,0.38275311273320034,16398.592214442036,23.80186595263623,2.0957228715668372,0.3365643160764729,2514.8388005069937,0.16854502207592556,0.11188425401765685,31.979129242710417,0.004340521512950364
65,0.4293894390481367,4.519022027824785,1.2901745643461937,6.394768992270084,3.579461209759627,0.5827385162264931,0.5049505282120537,0.8415667188856294,0.4052534601892302,2.1238370282734245,8.346793616072311,0.37529896263675405,15227.388371591021,23.810809127159505,2.0502233295696235,0.33830825959142385,2478.5883396035574,0.16944359519915697,0.11601240542489291,30.510022657965933,0.004326238674843668
66,0.43666388557852587,4.557588637672907,1.2988223718934813,6.4686061620375686,3.6053632268215683,0.6009391400610032,0.49817236137693,0.8335036031323768,0.37229913533995773,2.13975475612131,8.254739166518938,0.37121559140738797,16574.632038831714,23.637902792703507,2.1063894291832996,0.31198786677036944,2521.3857682252046,0.17182557898530973,0.11315102170625886,31.17922043660128,0.004244942747515412
67,0.43436402279611647,4.515157141786973,1.2961523928027032,6.4113779790217444,3.588925084975162,0.6006375065675068,0.4771141185141762,0.8417608734945665,0.37859864500625684,2.1487564902354928,8.081946528727512,0.37094171554119126,11852.386988942619,23.264514034329,1.952152593134339,0.31550477060518967,2484.34279150179,0.166048958098695,0.11455855876110557,30.624977726025847,0.004224242507695506
68,0.4230491822813293,4.781674762860839,1.2811273876424827,6.379007117207952,3.667862970629639,0.6534454157659125,0.48036312620252364,0.8193142546658695,0.4423176360063867,2.122547443255666,8.63953031772942,0.4275692795537407,18355.610811940536,22.993473281720615,1.8716722818403493,0.3472557210961484,2534.8795144202013,0.18031105339392817,0.11456501474704299,29.937702356052995,0.004244974440462711
69,0.45886512862208295,4.70106865905803,1.2702993901829474,6.243661545098938,3.826148404552617,0.6209125909645274,0.4797709824503026,0.8243768718295822,0.43758694839435525,2.4971756908886893,8.343755438544354,0.42493447903247267,9340.483005745516,23.45526368549981,1.6312906782634127,0.3252570634041686,2301.1244311803753,0.17149362239781618,0.12558594608456683,27.31940880049323,0.004357135733789378
70,0.44177896474645345,4.657125545954054,1.318762709973328,6.547595545077066,3.59259961371616,0.6318618601982935,0.5092651143967417,0.8330169160338866,0.4197458118796383,2.3758118208830985,8.396687288247906,0.29559907034630645,16983.89297343916,24.503781295812356,1.9650580105112603,0.2523837858344157,2625.6472550982962,0.17192393081526092,0.11149216542420888,31.655074008134292,0.004362090277117706
71,0.43366099914600126,4.638175013222191,1.3125294234541003,6.494250349038701,3.5177513980630257,0.6331746597193907,0.5022629787293227,0.8387980780942765,0.4320825981865451,2.3012405573364747,8.501993205015928,0.3340989299556758,15347.901446984752,24.300712942241876,1.8659308570113724,0.27334741314182237,2658.834082073028,0.17247983839123984,0.11494758037199247,31.036969396065633,0.004281237019732302
72,0.4416862296899014,4.582092225401268,1.298933093938845,6.397696904131183,3.53773272791608,0.583110223904278,0.5124951011275648,0.830922534733596,0.42468942771032314,2.217755673185116,8.297576731252406,0.3893883404971294,13480.172697758278,23.418050291667992,2.049278332633909,0.31649832080972545,2603.471687556325,0.17175756033940512,0.11314505720054735,30.695410148582145,0.004387999599081478
73,0.4429178948796132,4.5225948760022625,1.2900588556744452,6.410015910528192,3.6024193629626575,0.60158223652609,0.4912641019326925,0.8270678997526535,0.4205492909796818,2.324027278039167,8.295280657689675,0.3694334049821966,16759.70528585385,24.203474159005054,2.120523168358725,0.32136578499619417,2609.468253231719,0.1700653158423747,0.1112842588131696,30.775659066812256,0.004337733909432843
74,0.4366487901150073,4.505173573792762,1.2914587970747606,6.383833130872106,3.6219559862812987,0.5958937836129338,0.48993782975096356,0.8313014272079194,0.4304837575174246,2.1788438042418385,8.293145436795996,0.3917940028066798,18123.493669508574,24.20291983015598,1.8911244108620773,0.3299758722903308,2536.506197144079,0.16860643767956082,0.11262755930396964,30.05842815382436,0.004263667421756407
75,0.4271617785725652,4.570498933256924,1.2932199860461049,6.420056313750529,3.6312673720393813,0.6327442722341553,0.5131415161862556,0.8243057153270221,0.3906164768455879,2.3325001092113777,8.29343513422094,0.29986053561712694,16027.04898287578,23.775725685885288,1.8909880494265476,0.2553407126414953,2695.6178877156735,0.17078042869002014,0.10889326660273999,32.00236604532283,0.004233450654166531
76,0.43260519001889775,4.565002535140436,1.2895054468437175,6.412998706409941,3.631099313055886,0.6073849525463701,0.4916372737467911,0.8239744576305429,0.4032676206608204,2.2754696342529677,8.36081492111475,0.3107193153744285,14224.294201873312,23.418893491031668,1.849129216380656,0.26937109745058696,2616.4115998684374,0.16857216041317413,0.11069245388388173,31.272177621049156,0.004251422179521009
77,0.422817037872927,4.5715082446891975,1.2950953174540019,6.426156154524851,3.6155818913577953,0.6409652662154771,0.5133101409755427,0.8227337260740856,0.4030426593711635,2.4300495962667936,8.305533806610114,0.2862250155930702,16018.693834378522,23.577975436336054,1.8216727770210734,0.23334401253880324,2767.188999556226,0.17131127489128542,0.1079028863291655,31.185153032490877,0.0041702497579567035
78,0.42053525452099594,4.613026806904302,1.3046134124423128,6.465567013880419,3.658852029562957,0.6531585319632621,0.5112968263964445,0.8304474393389821,0.3918123291784097,2.3403854402705844,8.387596303633607,0.27677923218290146,16119.38278187517,23.47652795190579,1.8036121131375111,0.22589352711263494,2638.544284440261,0.16847773264894664,0.11084997682511878,30.33518555777593,0.00412909706010382
79,0.43738190528404963,4.62922851162266,1.3125744761328257,6.5193274268522865,3.589972683773533,0.6496338385710073,0.4970252143754346,0.8179625457345385,0.4244003748139506,2.396090181959742,8.591521441147542,0.26800790280722175,11872.389133700366,23.13655357085251,1.7553469173871545,0.23460468181760513,2646.1465490278415,0.1715562337913449,0.11502032452048595,30.255992520965826,0.004251075577258992
80,0.4413603907301981,4.608186737713344,1.3035777907623725,6.48756340274961,3.6637482243709902,0.5959066912655362,0.5031745473575927,0.8343648590511445,0.36228637943906794,2.1605941962453192,8.09031346685273,0.38212970803225976,21813.789918548006,24.24657479089075,2.1989713925714165,0.35618186120919876,2519.9037939685372,0.17358277958163543,0.10882499270253046,30.925380587495873,0.004325387461179864
81,0.43258157313637385,4.552269414862312,1.2947702702520354,6.399176999199373,3.5857762810504163,0.6159989970924628,0.49150227064552826,0.8479744381465937,0.39202031988799124,2.1705060687814717,8.399868647011253,0.36083857365623734,15494.485869530514,24.33968575627755,2.1962617721096573,0.33673982999557184,2542.372715913195,0.17224422250335555,0.11324960224974381,30.970270833956338,0.004259067996081751
82,0.4514948756276105,4.6997140090279,1.3221887313292475,6.610431618593618,3.523130122873264,0.5697664714414682,0.4562678335484037,0.8327577400956824,0.3815671697521866,2.1357123843014714,8.274117515063677,0.3774145080207295,13123.106586418835,24.0816833499576,2.123972068424451,0.3084427643637528,2326.1902578734794,0.16171020592029287,0.11075928439011035,30.5758748534218,0.004243382602850406
83,0.4231245684040881,4.887817164278812,1.2362442112287704,6.124482117364573,3.593243725315248,0.6151214505653702,0.49474893703449707,0.8129115303945379,0.3992868510164999,2.0285013183790594,8.526633626738226,0.4755532398679337,14951.843580459317,23.815683331398834,2.0005078071570286,0.39142169465989163,2571.355886830946,0.16988664434558623,0.11555357622689345,27.50315497411773,0.004194084402343591
84,0.45296205797628275,4.620267118541119,1.3157172875772547,6.51999231870516,3.6041585606106077,0.5686644247139355,0.5163396778530698,0.8311496603247085,0.38345791467248225,2.155205464673118,8.112443225375875,0.3901643949831504,20018.116016245178,24.069298644329365,2.4553266276761327,0.33964332288937904,2512.2094154439906,0.16830948312415236,0.10968296760776863,30.16922765185504,0.004455584779828171
85,0.4303104251178869,4.575656871343003,1.2903365868971317,6.4105067852347535,3.60116748494732,0.6157048561292012,0.511363203086124,0.8365320805231055,0.3971057706653228,2.246365781124626,8.135766862592803,0.385900218916697,22122.013470747104,24.095317788090302,2.243584464202493,0.35639679788035494,2578.7773005369795,0.17327062183174302,0.10934934511235246,30.077471058398697,0.004235847912929879
86,0.40626828093773254,4.4491518417001465,1.2563329462002892,6.226852080873047,3.5972164862543776,0.6698239244065831,0.5023916220435528,0.8564278337654744,0.40811720359951514,2.1974648161787034,8.442026517052902,0.382453837467678,14280.195668826318,23.79502346503502,2.007212108174801,0.3554529882796788,2637.3638964256293,0.18047878363988995,0.11244144544620177,31.52694647124237,0.003994301524050711
87,0.43081096985156453,4.622251856806358,1.3135829204306528,6.524205107188199,3.6054372533184105,0.6370026315342315,0.49142668154567554,0.8273172311758712,0.41338152462478117,2.214249451342879,8.461452296958145,0.3675590761061281,20088.02652842015,23.875815359829634,2.220405967790497,0.3155862424135394,2567.9053786570166,0.1678025786612096,0.11145193481093574,31.198171570265895,0.004235143843263702
88,0.4399753290952487,4.6155351892893846,1.306543749905982,6.525522106729301,3.5440315183571207,0.6400997008278648,0.5111953576598657,0.8390945231982235,0.41059335963011934,2.136687592456547,8.74082134461642,0.36697631811975134,12915.4904016689,23.919139067644938,1.836924197431733,0.30876996101810167,2616.8094654085658,0.17945818787927714,0.11049161102670968,30.088374316728707,0.004262419908678869
89,0.41529139860678715,4.504452084329464,1.281114447382366,6.345215889990972,3.563145808570375,0.6108588803090863,0.49626911686134473,0.8275541143003338,0.41568964674475106,2.3235424654339405,8.279384669704166,0.3937231009197849,17353.22440775483,23.83517423759194,1.9756580266672636,0.3725227369966258,2589.1828321844223,0.17973639881731696,0.10979381231614563,28.97482178747369,0.004135482061336686
90,0.3985473466962867,4.521487076554782,1.2847331976486753,6.361606594518585,3.61751957843598,0.5876908786255479,0.5384774204031368,0.8253392560306029,0.39902750479383503,2.5173339409783972,8.248567998882697,0.3438022098350298,25305.845418248122,24.3421519455476,1.7862448148501637,0.3047493476286263,2592.7901775510572,0.18196726659674312,0.10885826110610604,30.2297736323017,0.003977891612728009
91,0.41532463458629787,4.5357965420939355,1.2888556315353206,6.390768862874855,3.562230912384769,0.6330536174759006,0.534743843442727,0.8098779131027097,0.4057307399137038,2.463976243001242,8.259311247665181,0.3694791232890323,23353.138097119023,24.706633432976314,1.9787439116249061,0.33685177414170614,2695.2449226388558,0.1810879301617125,0.10855611295682241,30.185028374852653,0.00410861245246359
92,0.42407022713810794,4.550196127903616,1.2931089016964012,6.416883020870184,3.5701247036350687,0.6200982997379296,0.5327238980879155,0.8299863449772676,0.4034829511743876,2.4145371876702226,8.153138015052166,0.38798253804423183,25344.78265901566,24.07023613802175,2.065233505588999,0.3606518495938099,2679.964988281642,0.17769727590802087,0.10675625694697909,30.051260877589474,0.004203332332393876
93,0.4282062709177292,4.566141742914193,1.3016460867831787,6.442411341765895,3.505820020255643,0.6166276023416831,0.506931232906434,0.8266878388264219,0.4047569371315101,2.342103396492686,8.179416524388309,0.38277208758177006,19955.13286170691,23.534392686825594,2.0657577598079158,0.3560887675840308,2680.8800959275695,0.1756153628943396,0.1080289042301401,29.75819168755932,0.004233842179823827
94,0.39550101483188377,4.563981694561278,1.291246896293737,6.435604987793242,3.6774507818728166,0.599902093804856,0.5447832869253751,0.8203258290231663,0.37512917660590595,2.5359837218713928,8.049085781813965,0.32677805858632447,32144.23665145776,25.224274652120002,1.8659305048511892,0.28691612859421994,2725.759011868836,0.18290057582982883,0.1053350624955093,31.84638963913389,0.003929968539214106
95,0.421274807777292,4.554292679390718,1.2973022394449447,6.428144318330913,3.6062355634468695,0.6238776415610845,0.5286518549501802,0.8224019816752927,0.39163832227486156,2.3592170109151502,8.104356055436218,0.38684740184058203,22747.80323561416,24.20391915882429,2.0099385175673246,0.3571963195682652,2684.7843610727623,0.1785368687761982,0.10777775953581918,30.18537610085408,0.004155856794648545
96,0.4296227761640161,4.704735864167747,1.33779031152586,6.609677357512959,3.528475356488474,0.6613148436633179,0.4957054018205826,0.8197751729464181,0.40736286825514156,2.560940879486413,8.653339460085434,0.34444560830188536,21600.76535835413,24.915466721563032,1.8788782245637452,0.29834193208770937,2723.8837977709322,0.1783115447562644,0.11455951358832324,29.447256564951903,0.004179581882357977
97,0.4252855143671327,4.502751749969515,1.2729312694031476,6.346322649970188,3.6287109428504434,0.6065996081872702,0.4978387405662562,0.8455951296707304,0.3526945932385586,2.1269711655406804,8.11207109110507,0.3978165524835258,19310.66836308128,24.095757935629575,2.14599496620015,0.34017409014691585,2496.5372790832885,0.17530108516329515,0.10978066817734444,30.314864620651367,0.004223148032974644
98,0.43050887338654314,4.572712416673738,1.3073785265525115,6.475945761086783,3.6259973251195388,0.5960162918093291,0.4993524565812146,0.8233503038251728,0.3658692502889866,2.270139368953763,8.145961421108447,0.36389821117944615,21060.49476925481,24.293570863186144,2.236170085151907,0.3292231057365926,2609.0032578645987,0.1773381218694756,0.10913507490170929,29.763193392154097,0.004181471416223181
99,0.43076881545989487,4.604392180121504,1.3070437578715164,6.5012276848610755,3.537795720809572,0.6179435481000133,0.48531475198479496,0.8263377914507815,0.3986603745644129,2.229740200323635,8.30244336161096,0.34291869452206386,15203.066609483622,24.032853791557,2.001633072773537,0.3072487002262236,2484.594509913094,0.17011399739063027,0.11270329884265085,28.893283488003377,0.0041518204809839546
